filename	event_labels
/home/fumchin/data/bsed_20/dataset/ENA/train_unlabeled_preprocess/wav/Recording_1_Segment_14_23.npy	EATO,WOTH,BTNW,TUTI,NOCA,OVEN
/home/fumchin/data/bsed_20/dataset/ENA/train_unlabeled_preprocess/wav/Recording_2_Segment_10_3.npy	EATO,WOTH,REVI,AMCR,SCTA,KEWA
/home/fumchin/data/bsed_20/dataset/ENA/train_unlabeled_preprocess/wav/Recording_4_Segment_01_18.npy	EATO
/home/fumchin/data/bsed_20/dataset/ENA/train_unlabeled_preprocess/wav/Recording_4_Segment_20_6.npy	EATO,COYE
/home/fumchin/data/bsed_20/dataset/ENA/train_unlabeled_preprocess/wav/Recording_1_Segment_25_21.npy	EATO,BCCH,BTNW,AMCR
/home/fumchin/data/bsed_20/dataset/ENA/train_unlabeled_preprocess/wav/Recording_1_Segment_12_5.npy	EATO,WOTH,TUTI
/home/fumchin/data/bsed_20/dataset/ENA/train_unlabeled_preprocess/wav/Recording_2_Segment_14_4.npy	WOTH,AMCR,SCTA,AMRE,BHCO
/home/fumchin/data/bsed_20/dataset/ENA/train_unlabeled_preprocess/wav/Recording_2_Segment_14_11.npy	WOTH,BCCH,BTNW,KEWA
/home/fumchin/data/bsed_20/dataset/ENA/train_unlabeled_preprocess/wav/Recording_1_Segment_03_23.npy	EATO
/home/fumchin/data/bsed_20/dataset/ENA/train_unlabeled_preprocess/wav/Recording_1_Segment_15_18.npy	WOTH,BTNW,OVEN
/home/fumchin/data/bsed_20/dataset/ENA/train_unlabeled_preprocess/wav/Recording_1_Segment_12_27.npy	EATO,BTNW
/home/fumchin/data/bsed_20/dataset/ENA/train_unlabeled_preprocess/wav/Recording_1_Segment_33_19.npy	EATO,BTNW
/home/fumchin/data/bsed_20/dataset/ENA/train_unlabeled_preprocess/wav/Recording_1_Segment_33_23.npy	EATO,BTNW
/home/fumchin/data/bsed_20/dataset/ENA/train_unlabeled_preprocess/wav/Recording_1_Segment_22_18.npy	EATO,BTNW,OVEN,BAWW
/home/fumchin/data/bsed_20/dataset/ENA/train_unlabeled_preprocess/wav/Recording_4_Segment_10_25.npy	EATO,BCCH
/home/fumchin/data/bsed_20/dataset/ENA/train_unlabeled_preprocess/wav/Recording_2_Segment_14_3.npy	WOTH,AMCR,AMRE,KEWA
/home/fumchin/data/bsed_20/dataset/ENA/train_unlabeled_preprocess/wav/Recording_1_Segment_11_10.npy	EATO,WOTH,BTNW,TUTI
/home/fumchin/data/bsed_20/dataset/ENA/train_unlabeled_preprocess/wav/Recording_4_Segment_09_29.npy	EATO,BCCH
/home/fumchin/data/bsed_20/dataset/ENA/train_unlabeled_preprocess/wav/Recording_1_Segment_24_0.npy	EATO,BCCH,TUTI,AMCR,OVEN
/home/fumchin/data/bsed_20/dataset/ENA/train_unlabeled_preprocess/wav/Recording_4_Segment_15_15.npy	EATO,WOTH,NOCA,AMCR,BGGN
/home/fumchin/data/bsed_20/dataset/ENA/train_unlabeled_preprocess/wav/Recording_2_Segment_13_2.npy	EATO,WOTH,NOCA,AMCR,OVEN,SCTA,AMRE,KEWA,BHCO
/home/fumchin/data/bsed_20/dataset/ENA/train_unlabeled_preprocess/wav/Recording_2_Segment_02_29.npy	WOTH,BCCH,BTNW
/home/fumchin/data/bsed_20/dataset/ENA/train_unlabeled_preprocess/wav/Recording_4_Segment_25_16.npy	EATO
/home/fumchin/data/bsed_20/dataset/ENA/train_unlabeled_preprocess/wav/Recording_1_Segment_09_4.npy	EATO,WOTH
/home/fumchin/data/bsed_20/dataset/ENA/train_unlabeled_preprocess/wav/Recording_4_Segment_13_29.npy	EATO,BGGN
/home/fumchin/data/bsed_20/dataset/ENA/train_unlabeled_preprocess/wav/Recording_1_Segment_34_22.npy	EATO,AMCR
/home/fumchin/data/bsed_20/dataset/ENA/train_unlabeled_preprocess/wav/Recording_1_Segment_17_24.npy	EATO,WOTH,BCCH,BTNW
/home/fumchin/data/bsed_20/dataset/ENA/train_unlabeled_preprocess/wav/Recording_1_Segment_11_24.npy	EATO,WOTH,OVEN
/home/fumchin/data/bsed_20/dataset/ENA/train_unlabeled_preprocess/wav/Recording_1_Segment_10_14.npy	WOTH,BTNW
/home/fumchin/data/bsed_20/dataset/ENA/train_unlabeled_preprocess/wav/Recording_1_Segment_35_25.npy	EATO
/home/fumchin/data/bsed_20/dataset/ENA/train_unlabeled_preprocess/wav/Recording_1_Segment_27_0.npy	EATO,BCCH,BTNW,TUTI,AMCR,OVEN,BAWW
/home/fumchin/data/bsed_20/dataset/ENA/train_unlabeled_preprocess/wav/Recording_4_Segment_23_24.npy	EATO,NOCA,COYE
/home/fumchin/data/bsed_20/dataset/ENA/train_unlabeled_preprocess/wav/Recording_1_Segment_13_1.npy	EATO,BTNW,OVEN
/home/fumchin/data/bsed_20/dataset/ENA/train_unlabeled_preprocess/wav/Recording_4_Segment_07_24.npy	EATO,WOTH,NOCA
/home/fumchin/data/bsed_20/dataset/ENA/train_unlabeled_preprocess/wav/Recording_4_Segment_16_14.npy	EATO,BCCH,COYE
/home/fumchin/data/bsed_20/dataset/ENA/train_unlabeled_preprocess/wav/Recording_4_Segment_04_21.npy	EATO,NOCA
/home/fumchin/data/bsed_20/dataset/ENA/train_unlabeled_preprocess/wav/Recording_1_Segment_27_12.npy	BTNW,AMCR
/home/fumchin/data/bsed_20/dataset/ENA/train_unlabeled_preprocess/wav/Recording_4_Segment_24_29.npy	EATO,NOCA,COYE
/home/fumchin/data/bsed_20/dataset/ENA/train_unlabeled_preprocess/wav/Recording_1_Segment_23_17.npy	EATO,BTNW,TUTI
/home/fumchin/data/bsed_20/dataset/ENA/train_unlabeled_preprocess/wav/Recording_1_Segment_04_2.npy	EATO
/home/fumchin/data/bsed_20/dataset/ENA/train_unlabeled_preprocess/wav/Recording_2_Segment_09_4.npy	REVI,AMCR,SCTA,AMRE
/home/fumchin/data/bsed_20/dataset/ENA/train_unlabeled_preprocess/wav/Recording_2_Segment_08_21.npy	BTNW,REVI,AMCR,SCTA,AMRE,KEWA
/home/fumchin/data/bsed_20/dataset/ENA/train_unlabeled_preprocess/wav/Recording_1_Segment_33_4.npy	BTNW,TUTI,OVEN
/home/fumchin/data/bsed_20/dataset/ENA/train_unlabeled_preprocess/wav/Recording_1_Segment_03_16.npy	EATO
/home/fumchin/data/bsed_20/dataset/ENA/train_unlabeled_preprocess/wav/Recording_1_Segment_08_0.npy	EATO,WOTH,TUTI,OVEN
/home/fumchin/data/bsed_20/dataset/ENA/train_unlabeled_preprocess/wav/Recording_1_Segment_07_22.npy	EATO,WOTH,TUTI
/home/fumchin/data/bsed_20/dataset/ENA/train_unlabeled_preprocess/wav/Recording_4_Segment_12_0.npy	EATO
/home/fumchin/data/bsed_20/dataset/ENA/train_unlabeled_preprocess/wav/Recording_1_Segment_26_28.npy	BCCH,BTNW,TUTI,AMCR
/home/fumchin/data/bsed_20/dataset/ENA/train_unlabeled_preprocess/wav/Recording_1_Segment_19_20.npy	EATO,BTNW,TUTI,OVEN,HETH
/home/fumchin/data/bsed_20/dataset/ENA/train_unlabeled_preprocess/wav/Recording_4_Segment_05_6.npy	EATO,NOCA
/home/fumchin/data/bsed_20/dataset/ENA/train_unlabeled_preprocess/wav/Recording_1_Segment_21_20.npy	EATO,WOTH,BAWW
/home/fumchin/data/bsed_20/dataset/ENA/train_unlabeled_preprocess/wav/Recording_4_Segment_23_18.npy	BCCH,NOCA,COYE,BGGN
/home/fumchin/data/bsed_20/dataset/ENA/train_unlabeled_preprocess/wav/Recording_2_Segment_09_24.npy	EATO,REVI,AMCR,AMRE,KEWA
/home/fumchin/data/bsed_20/dataset/ENA/train_unlabeled_preprocess/wav/Recording_2_Segment_09_28.npy	EATO,REVI,AMCR,SCTA,AMRE
/home/fumchin/data/bsed_20/dataset/ENA/train_unlabeled_preprocess/wav/Recording_1_Segment_10_25.npy	EATO,WOTH,OVEN
/home/fumchin/data/bsed_20/dataset/ENA/train_unlabeled_preprocess/wav/Recording_1_Segment_32_2.npy	EATO,BTNW,TUTI
/home/fumchin/data/bsed_20/dataset/ENA/train_unlabeled_preprocess/wav/Recording_1_Segment_30_4.npy	EATO,BTNW,AMCR,BAWW
/home/fumchin/data/bsed_20/dataset/ENA/train_unlabeled_preprocess/wav/Recording_1_Segment_05_19.npy	EATO,WOTH
/home/fumchin/data/bsed_20/dataset/ENA/train_unlabeled_preprocess/wav/Recording_2_Segment_12_0.npy	BCCH,BTNW,REVI,AMCR,SCTA,AMRE
/home/fumchin/data/bsed_20/dataset/ENA/train_unlabeled_preprocess/wav/Recording_1_Segment_14_14.npy	EATO,BTNW,TUTI
/home/fumchin/data/bsed_20/dataset/ENA/train_unlabeled_preprocess/wav/Recording_4_Segment_01_22.npy	EATO,BLJA
/home/fumchin/data/bsed_20/dataset/ENA/train_unlabeled_preprocess/wav/Recording_2_Segment_12_13.npy	REVI,AMCR,SCTA,AMRE,KEWA
/home/fumchin/data/bsed_20/dataset/ENA/train_unlabeled_preprocess/wav/Recording_4_Segment_20_23.npy	EATO
/home/fumchin/data/bsed_20/dataset/ENA/train_unlabeled_preprocess/wav/Recording_1_Segment_22_19.npy	EATO,BTNW,TUTI,AMCR
/home/fumchin/data/bsed_20/dataset/ENA/train_unlabeled_preprocess/wav/Recording_2_Segment_12_3.npy	EATO,BTNW,REVI,AMCR,AMRE,KEWA
/home/fumchin/data/bsed_20/dataset/ENA/train_unlabeled_preprocess/wav/Recording_4_Segment_12_6.npy	EATO,NOCA
/home/fumchin/data/bsed_20/dataset/ENA/train_unlabeled_preprocess/wav/Recording_2_Segment_01_24.npy	WOTH
/home/fumchin/data/bsed_20/dataset/ENA/train_unlabeled_preprocess/wav/Recording_1_Segment_12_7.npy	EATO,WOTH,TUTI
/home/fumchin/data/bsed_20/dataset/ENA/train_unlabeled_preprocess/wav/Recording_1_Segment_29_20.npy	EATO,TUTI,AMCR,OVEN
/home/fumchin/data/bsed_20/dataset/ENA/train_unlabeled_preprocess/wav/Recording_4_Segment_01_5.npy	EATO,BLJA
/home/fumchin/data/bsed_20/dataset/ENA/train_unlabeled_preprocess/wav/Recording_2_Segment_05_26.npy	WOTH,NOCA,REVI,AMRE,KEWA
/home/fumchin/data/bsed_20/dataset/ENA/train_unlabeled_preprocess/wav/Recording_2_Segment_11_21.npy	REVI,AMCR,SCTA,KEWA
/home/fumchin/data/bsed_20/dataset/ENA/train_unlabeled_preprocess/wav/Recording_1_Segment_31_29.npy	BTNW,TUTI
/home/fumchin/data/bsed_20/dataset/ENA/train_unlabeled_preprocess/wav/Recording_1_Segment_21_2.npy	EATO,BTNW,TUTI,OVEN
/home/fumchin/data/bsed_20/dataset/ENA/train_unlabeled_preprocess/wav/Recording_1_Segment_03_21.npy	EATO
/home/fumchin/data/bsed_20/dataset/ENA/train_unlabeled_preprocess/wav/Recording_2_Segment_10_16.npy	WOTH,REVI,AMCR,SCTA,KEWA,BHCO
/home/fumchin/data/bsed_20/dataset/ENA/train_unlabeled_preprocess/wav/Recording_1_Segment_06_10.npy	EATO,WOTH,BCCH,TUTI,OVEN
/home/fumchin/data/bsed_20/dataset/ENA/train_unlabeled_preprocess/wav/Recording_1_Segment_06_19.npy	EATO,WOTH,BCCH,TUTI
/home/fumchin/data/bsed_20/dataset/ENA/train_unlabeled_preprocess/wav/Recording_1_Segment_14_8.npy	EATO,BTNW,TUTI,OVEN,RBWO
/home/fumchin/data/bsed_20/dataset/ENA/train_unlabeled_preprocess/wav/Recording_1_Segment_18_20.npy	EATO,BTNW,NOCA
/home/fumchin/data/bsed_20/dataset/ENA/train_unlabeled_preprocess/wav/Recording_4_Segment_07_19.npy	EATO,NOCA
/home/fumchin/data/bsed_20/dataset/ENA/train_unlabeled_preprocess/wav/Recording_2_Segment_08_3.npy	BCCH,REVI,SCTA,AMRE
/home/fumchin/data/bsed_20/dataset/ENA/train_unlabeled_preprocess/wav/Recording_4_Segment_16_9.npy	EATO,WOTH,BCCH,BTNW,TUTI,NOCA
/home/fumchin/data/bsed_20/dataset/ENA/train_unlabeled_preprocess/wav/Recording_4_Segment_18_5.npy	EATO,BCCH,NOCA
/home/fumchin/data/bsed_20/dataset/ENA/train_unlabeled_preprocess/wav/Recording_4_Segment_13_15.npy	EATO,WOTH,BLJA,COYE
/home/fumchin/data/bsed_20/dataset/ENA/train_unlabeled_preprocess/wav/Recording_1_Segment_16_0.npy	EATO,WOTH,OVEN
/home/fumchin/data/bsed_20/dataset/ENA/train_unlabeled_preprocess/wav/Recording_1_Segment_08_18.npy	EATO,WOTH
/home/fumchin/data/bsed_20/dataset/ENA/train_unlabeled_preprocess/wav/Recording_1_Segment_27_18.npy	BTNW,AMCR
/home/fumchin/data/bsed_20/dataset/ENA/train_unlabeled_preprocess/wav/Recording_1_Segment_27_8.npy	BCCH,BTNW,AMCR
/home/fumchin/data/bsed_20/dataset/ENA/train_unlabeled_preprocess/wav/Recording_4_Segment_24_17.npy	EATO,BCCH,NOCA
/home/fumchin/data/bsed_20/dataset/ENA/train_unlabeled_preprocess/wav/Recording_1_Segment_10_21.npy	EATO,WOTH,BTNW
/home/fumchin/data/bsed_20/dataset/ENA/train_unlabeled_preprocess/wav/Recording_1_Segment_08_1.npy	EATO,WOTH,TUTI,NOCA,OVEN,RBWO
/home/fumchin/data/bsed_20/dataset/ENA/train_unlabeled_preprocess/wav/Recording_4_Segment_25_21.npy	EATO,BGGN
/home/fumchin/data/bsed_20/dataset/ENA/train_unlabeled_preprocess/wav/Recording_2_Segment_02_12.npy	WOTH
/home/fumchin/data/bsed_20/dataset/ENA/train_unlabeled_preprocess/wav/Recording_4_Segment_22_16.npy	EATO,BCCH,NOCA,BGGN
/home/fumchin/data/bsed_20/dataset/ENA/train_unlabeled_preprocess/wav/Recording_1_Segment_04_0.npy	EATO
/home/fumchin/data/bsed_20/dataset/ENA/train_unlabeled_preprocess/wav/Recording_4_Segment_19_29.npy	EATO
/home/fumchin/data/bsed_20/dataset/ENA/train_unlabeled_preprocess/wav/Recording_2_Segment_11_16.npy	WOTH,REVI,SCTA,KEWA
/home/fumchin/data/bsed_20/dataset/ENA/train_unlabeled_preprocess/wav/Recording_1_Segment_22_26.npy	EATO,BTNW,TUTI,AMCR,OVEN
/home/fumchin/data/bsed_20/dataset/ENA/train_unlabeled_preprocess/wav/Recording_4_Segment_13_13.npy	EATO,WOTH
/home/fumchin/data/bsed_20/dataset/ENA/train_unlabeled_preprocess/wav/Recording_1_Segment_10_5.npy	EATO,WOTH,OVEN
/home/fumchin/data/bsed_20/dataset/ENA/train_unlabeled_preprocess/wav/Recording_4_Segment_09_22.npy	EATO,BCCH,NOCA
/home/fumchin/data/bsed_20/dataset/ENA/train_unlabeled_preprocess/wav/Recording_4_Segment_25_0.npy	EATO,NOCA,COYE
/home/fumchin/data/bsed_20/dataset/ENA/train_unlabeled_preprocess/wav/Recording_1_Segment_20_1.npy	EATO,WOTH,BTNW
/home/fumchin/data/bsed_20/dataset/ENA/train_unlabeled_preprocess/wav/Recording_1_Segment_36_5.npy	EATO
/home/fumchin/data/bsed_20/dataset/ENA/train_unlabeled_preprocess/wav/Recording_1_Segment_05_17.npy	EATO,WOTH,TUTI
/home/fumchin/data/bsed_20/dataset/ENA/train_unlabeled_preprocess/wav/Recording_4_Segment_01_23.npy	BLJA
/home/fumchin/data/bsed_20/dataset/ENA/train_unlabeled_preprocess/wav/Recording_2_Segment_03_11.npy	WOTH,BTNW
/home/fumchin/data/bsed_20/dataset/ENA/train_unlabeled_preprocess/wav/Recording_2_Segment_12_1.npy	BTNW,REVI,AMCR,SCTA,AMRE,KEWA
/home/fumchin/data/bsed_20/dataset/ENA/train_unlabeled_preprocess/wav/Recording_2_Segment_08_4.npy	BCCH,REVI,AMCR,SCTA,AMRE,KEWA
/home/fumchin/data/bsed_20/dataset/ENA/train_unlabeled_preprocess/wav/Recording_1_Segment_06_13.npy	EATO,WOTH
/home/fumchin/data/bsed_20/dataset/ENA/train_unlabeled_preprocess/wav/Recording_1_Segment_22_12.npy	EATO,BTNW,TUTI
/home/fumchin/data/bsed_20/dataset/ENA/train_unlabeled_preprocess/wav/Recording_4_Segment_04_20.npy	EATO,NOCA
/home/fumchin/data/bsed_20/dataset/ENA/train_unlabeled_preprocess/wav/Recording_1_Segment_22_13.npy	EATO,BTNW,TUTI,OVEN,HETH
/home/fumchin/data/bsed_20/dataset/ENA/train_unlabeled_preprocess/wav/Recording_2_Segment_11_28.npy	EATO,REVI,AMCR,SCTA
/home/fumchin/data/bsed_20/dataset/ENA/train_unlabeled_preprocess/wav/Recording_1_Segment_05_24.npy	EATO,WOTH,BCCH
/home/fumchin/data/bsed_20/dataset/ENA/train_unlabeled_preprocess/wav/Recording_1_Segment_36_10.npy	EATO,WOTH,TUTI
/home/fumchin/data/bsed_20/dataset/ENA/train_unlabeled_preprocess/wav/Recording_2_Segment_08_15.npy	BTNW,REVI,AMCR,AMRE,KEWA
/home/fumchin/data/bsed_20/dataset/ENA/train_unlabeled_preprocess/wav/Recording_4_Segment_18_12.npy	EATO
/home/fumchin/data/bsed_20/dataset/ENA/train_unlabeled_preprocess/wav/Recording_2_Segment_04_20.npy	WOTH,BTNW,REVI,SCTA,AMRE
/home/fumchin/data/bsed_20/dataset/ENA/train_unlabeled_preprocess/wav/Recording_1_Segment_31_10.npy	EATO,BTNW,OVEN
/home/fumchin/data/bsed_20/dataset/ENA/train_unlabeled_preprocess/wav/Recording_4_Segment_21_10.npy	EATO,NOCA,COYE
/home/fumchin/data/bsed_20/dataset/ENA/train_unlabeled_preprocess/wav/Recording_1_Segment_04_21.npy	EATO,WOTH
/home/fumchin/data/bsed_20/dataset/ENA/train_unlabeled_preprocess/wav/Recording_4_Segment_11_13.npy	EATO
/home/fumchin/data/bsed_20/dataset/ENA/train_unlabeled_preprocess/wav/Recording_2_Segment_10_4.npy	EATO,BCCH,REVI,AMCR,OVEN,AMRE,KEWA
/home/fumchin/data/bsed_20/dataset/ENA/train_unlabeled_preprocess/wav/Recording_1_Segment_28_6.npy	AMCR
/home/fumchin/data/bsed_20/dataset/ENA/train_unlabeled_preprocess/wav/Recording_2_Segment_01_0.npy	EATO,WOTH
/home/fumchin/data/bsed_20/dataset/ENA/train_unlabeled_preprocess/wav/Recording_4_Segment_25_9.npy	EATO,BCCH,NOCA
/home/fumchin/data/bsed_20/dataset/ENA/train_unlabeled_preprocess/wav/Recording_4_Segment_17_8.npy	EATO,BLJA
/home/fumchin/data/bsed_20/dataset/ENA/train_unlabeled_preprocess/wav/Recording_4_Segment_20_17.npy	EATO,COYE
/home/fumchin/data/bsed_20/dataset/ENA/train_unlabeled_preprocess/wav/Recording_4_Segment_13_2.npy	EATO,NOCA
/home/fumchin/data/bsed_20/dataset/ENA/train_unlabeled_preprocess/wav/Recording_1_Segment_15_7.npy	EATO,WOTH,BTNW,TUTI
/home/fumchin/data/bsed_20/dataset/ENA/train_unlabeled_preprocess/wav/Recording_1_Segment_03_26.npy	EATO
/home/fumchin/data/bsed_20/dataset/ENA/train_unlabeled_preprocess/wav/Recording_1_Segment_32_5.npy	BTNW,TUTI
/home/fumchin/data/bsed_20/dataset/ENA/train_unlabeled_preprocess/wav/Recording_4_Segment_25_25.npy	EATO,BCCH,TUTI,NOCA,OVEN
/home/fumchin/data/bsed_20/dataset/ENA/train_unlabeled_preprocess/wav/Recording_1_Segment_05_8.npy	EATO
/home/fumchin/data/bsed_20/dataset/ENA/train_unlabeled_preprocess/wav/Recording_1_Segment_20_15.npy	EATO,BTNW
/home/fumchin/data/bsed_20/dataset/ENA/train_unlabeled_preprocess/wav/Recording_2_Segment_08_16.npy	BCCH,BTNW,REVI,AMCR,OVEN,AMRE,KEWA
/home/fumchin/data/bsed_20/dataset/ENA/train_unlabeled_preprocess/wav/Recording_4_Segment_19_22.npy	EATO,WOTH,BLJA
/home/fumchin/data/bsed_20/dataset/ENA/train_unlabeled_preprocess/wav/Recording_1_Segment_30_25.npy	BTNW
/home/fumchin/data/bsed_20/dataset/ENA/train_unlabeled_preprocess/wav/Recording_4_Segment_06_15.npy	EATO,AMCR,BLJA
/home/fumchin/data/bsed_20/dataset/ENA/train_unlabeled_preprocess/wav/Recording_1_Segment_29_29.npy	BTNW,AMCR
/home/fumchin/data/bsed_20/dataset/ENA/train_unlabeled_preprocess/wav/Recording_4_Segment_24_21.npy	EATO,NOCA,AMCR
/home/fumchin/data/bsed_20/dataset/ENA/train_unlabeled_preprocess/wav/Recording_1_Segment_06_14.npy	EATO,WOTH,BCCH,BTNW,TUTI
/home/fumchin/data/bsed_20/dataset/ENA/train_unlabeled_preprocess/wav/Recording_1_Segment_21_24.npy	EATO,BTNW,TUTI,OVEN
/home/fumchin/data/bsed_20/dataset/ENA/train_unlabeled_preprocess/wav/Recording_1_Segment_04_27.npy	EATO,WOTH
/home/fumchin/data/bsed_20/dataset/ENA/train_unlabeled_preprocess/wav/Recording_4_Segment_18_16.npy	EATO,BCCH,AMCR
/home/fumchin/data/bsed_20/dataset/ENA/train_unlabeled_preprocess/wav/Recording_2_Segment_04_7.npy	WOTH,BCCH,BTNW,AMRE
/home/fumchin/data/bsed_20/dataset/ENA/train_unlabeled_preprocess/wav/Recording_4_Segment_08_20.npy	EATO
/home/fumchin/data/bsed_20/dataset/ENA/train_unlabeled_preprocess/wav/Recording_4_Segment_02_19.npy	EATO,BLJA
/home/fumchin/data/bsed_20/dataset/ENA/train_unlabeled_preprocess/wav/Recording_4_Segment_14_25.npy	EATO,WOTH,NOCA
/home/fumchin/data/bsed_20/dataset/ENA/train_unlabeled_preprocess/wav/Recording_4_Segment_16_24.npy	EATO,BCCH,BLJA
/home/fumchin/data/bsed_20/dataset/ENA/train_unlabeled_preprocess/wav/Recording_1_Segment_07_9.npy	EATO,WOTH,BCCH,TUTI,OVEN
/home/fumchin/data/bsed_20/dataset/ENA/train_unlabeled_preprocess/wav/Recording_4_Segment_15_24.npy	EATO
/home/fumchin/data/bsed_20/dataset/ENA/train_unlabeled_preprocess/wav/Recording_4_Segment_16_29.npy	EATO,BCCH,BLJA
/home/fumchin/data/bsed_20/dataset/ENA/train_unlabeled_preprocess/wav/Recording_4_Segment_03_0.npy	EATO,AMCR
/home/fumchin/data/bsed_20/dataset/ENA/train_unlabeled_preprocess/wav/Recording_2_Segment_03_25.npy	WOTH,BTNW
/home/fumchin/data/bsed_20/dataset/ENA/train_unlabeled_preprocess/wav/Recording_2_Segment_11_17.npy	EATO,WOTH,AMCR,KEWA
/home/fumchin/data/bsed_20/dataset/ENA/train_unlabeled_preprocess/wav/Recording_1_Segment_36_19.npy	EATO,TUTI
/home/fumchin/data/bsed_20/dataset/ENA/train_unlabeled_preprocess/wav/Recording_2_Segment_01_18.npy	WOTH
/home/fumchin/data/bsed_20/dataset/ENA/train_unlabeled_preprocess/wav/Recording_1_Segment_06_12.npy	EATO,WOTH,BCCH,TUTI
/home/fumchin/data/bsed_20/dataset/ENA/train_unlabeled_preprocess/wav/Recording_4_Segment_25_15.npy	EATO
/home/fumchin/data/bsed_20/dataset/ENA/train_unlabeled_preprocess/wav/Recording_4_Segment_14_18.npy	EATO,WOTH,NOCA
/home/fumchin/data/bsed_20/dataset/ENA/train_unlabeled_preprocess/wav/Recording_1_Segment_22_22.npy	EATO,BTNW,AMCR,OVEN
/home/fumchin/data/bsed_20/dataset/ENA/train_unlabeled_preprocess/wav/Recording_4_Segment_19_15.npy	EATO,BCCH
/home/fumchin/data/bsed_20/dataset/ENA/train_unlabeled_preprocess/wav/Recording_2_Segment_04_17.npy	WOTH,BCCH,AMRE,KEWA
/home/fumchin/data/bsed_20/dataset/ENA/train_unlabeled_preprocess/wav/Recording_2_Segment_04_18.npy	WOTH,BCCH,BTNW,REVI,AMRE
/home/fumchin/data/bsed_20/dataset/ENA/train_unlabeled_preprocess/wav/Recording_1_Segment_33_26.npy	EATO,BTNW
/home/fumchin/data/bsed_20/dataset/ENA/train_unlabeled_preprocess/wav/Recording_4_Segment_18_13.npy	EATO,BCCH
/home/fumchin/data/bsed_20/dataset/ENA/train_unlabeled_preprocess/wav/Recording_2_Segment_12_16.npy	EATO,REVI,AMCR,SCTA,AMRE,KEWA
/home/fumchin/data/bsed_20/dataset/ENA/train_unlabeled_preprocess/wav/Recording_1_Segment_20_29.npy	EATO,OVEN,BAWW
/home/fumchin/data/bsed_20/dataset/ENA/train_unlabeled_preprocess/wav/Recording_2_Segment_08_2.npy	EATO,BCCH,REVI,AMCR,SCTA,AMRE,KEWA
/home/fumchin/data/bsed_20/dataset/ENA/train_unlabeled_preprocess/wav/Recording_1_Segment_12_14.npy	EATO,WOTH,BTNW
/home/fumchin/data/bsed_20/dataset/ENA/train_unlabeled_preprocess/wav/Recording_1_Segment_28_17.npy	EATO,BTNW,AMCR
/home/fumchin/data/bsed_20/dataset/ENA/train_unlabeled_preprocess/wav/Recording_1_Segment_18_27.npy	EATO,WOTH,BTNW,OVEN
/home/fumchin/data/bsed_20/dataset/ENA/train_unlabeled_preprocess/wav/Recording_4_Segment_17_27.npy	EATO,BCCH,NOCA
/home/fumchin/data/bsed_20/dataset/ENA/train_unlabeled_preprocess/wav/Recording_2_Segment_03_3.npy	WOTH,BTNW
/home/fumchin/data/bsed_20/dataset/ENA/train_unlabeled_preprocess/wav/Recording_4_Segment_22_15.npy	EATO,BCCH,NOCA,COYE
/home/fumchin/data/bsed_20/dataset/ENA/train_unlabeled_preprocess/wav/Recording_1_Segment_28_4.npy	EATO,BTNW,AMCR
/home/fumchin/data/bsed_20/dataset/ENA/train_unlabeled_preprocess/wav/Recording_1_Segment_20_14.npy	EATO,OVEN
/home/fumchin/data/bsed_20/dataset/ENA/train_unlabeled_preprocess/wav/Recording_1_Segment_29_11.npy	EATO,BTNW,AMCR,OVEN
/home/fumchin/data/bsed_20/dataset/ENA/train_unlabeled_preprocess/wav/Recording_1_Segment_09_8.npy	EATO,WOTH
/home/fumchin/data/bsed_20/dataset/ENA/train_unlabeled_preprocess/wav/Recording_1_Segment_14_20.npy	EATO,BTNW,TUTI,OVEN
/home/fumchin/data/bsed_20/dataset/ENA/train_unlabeled_preprocess/wav/Recording_4_Segment_08_13.npy	EATO,WOTH,NOCA
/home/fumchin/data/bsed_20/dataset/ENA/train_unlabeled_preprocess/wav/Recording_1_Segment_22_1.npy	EATO,WOTH,BCCH,BTNW,TUTI,OVEN
/home/fumchin/data/bsed_20/dataset/ENA/train_unlabeled_preprocess/wav/Recording_1_Segment_06_22.npy	EATO,WOTH
/home/fumchin/data/bsed_20/dataset/ENA/train_unlabeled_preprocess/wav/Recording_4_Segment_10_14.npy	EATO
/home/fumchin/data/bsed_20/dataset/ENA/train_unlabeled_preprocess/wav/Recording_2_Segment_03_19.npy	WOTH,BTNW
/home/fumchin/data/bsed_20/dataset/ENA/train_unlabeled_preprocess/wav/Recording_1_Segment_33_15.npy	EATO,BTNW
/home/fumchin/data/bsed_20/dataset/ENA/train_unlabeled_preprocess/wav/Recording_1_Segment_14_26.npy	EATO,BTNW,TUTI,OVEN
/home/fumchin/data/bsed_20/dataset/ENA/train_unlabeled_preprocess/wav/Recording_2_Segment_06_14.npy	WOTH,SCTA,AMRE,KEWA
/home/fumchin/data/bsed_20/dataset/ENA/train_unlabeled_preprocess/wav/Recording_1_Segment_13_26.npy	EATO,BTNW,OVEN
/home/fumchin/data/bsed_20/dataset/ENA/train_unlabeled_preprocess/wav/Recording_2_Segment_02_22.npy	WOTH,SCTA
/home/fumchin/data/bsed_20/dataset/ENA/train_unlabeled_preprocess/wav/Recording_1_Segment_17_12.npy	EATO,BTNW,OVEN
/home/fumchin/data/bsed_20/dataset/ENA/train_unlabeled_preprocess/wav/Recording_2_Segment_09_15.npy	EATO,WOTH,BCCH,REVI,AMCR,SCTA,AMRE
/home/fumchin/data/bsed_20/dataset/ENA/train_unlabeled_preprocess/wav/Recording_4_Segment_08_7.npy	EATO
/home/fumchin/data/bsed_20/dataset/ENA/train_unlabeled_preprocess/wav/Recording_4_Segment_08_2.npy	EATO,WOTH,NOCA
/home/fumchin/data/bsed_20/dataset/ENA/train_unlabeled_preprocess/wav/Recording_1_Segment_12_24.npy	EATO,WOTH,BTNW,OVEN
/home/fumchin/data/bsed_20/dataset/ENA/train_unlabeled_preprocess/wav/Recording_1_Segment_16_29.npy	WOTH,OVEN
/home/fumchin/data/bsed_20/dataset/ENA/train_unlabeled_preprocess/wav/Recording_1_Segment_34_19.npy	EATO,OVEN
/home/fumchin/data/bsed_20/dataset/ENA/train_unlabeled_preprocess/wav/Recording_4_Segment_25_26.npy	EATO,NOCA,COYE
/home/fumchin/data/bsed_20/dataset/ENA/train_unlabeled_preprocess/wav/Recording_1_Segment_35_17.npy	EATO,BTNW
/home/fumchin/data/bsed_20/dataset/ENA/train_unlabeled_preprocess/wav/Recording_1_Segment_27_6.npy	BAWW
/home/fumchin/data/bsed_20/dataset/ENA/train_unlabeled_preprocess/wav/Recording_2_Segment_13_14.npy	REVI,AMCR,AMRE
/home/fumchin/data/bsed_20/dataset/ENA/train_unlabeled_preprocess/wav/Recording_1_Segment_10_3.npy	EATO,WOTH,BTNW,TUTI,OVEN
/home/fumchin/data/bsed_20/dataset/ENA/train_unlabeled_preprocess/wav/Recording_1_Segment_28_2.npy	EATO,AMCR,BAWW
/home/fumchin/data/bsed_20/dataset/ENA/train_unlabeled_preprocess/wav/Recording_3_Segment_01_12.npy	EATO,NOCA
/home/fumchin/data/bsed_20/dataset/ENA/train_unlabeled_preprocess/wav/Recording_4_Segment_26_10.npy	EATO
/home/fumchin/data/bsed_20/dataset/ENA/train_unlabeled_preprocess/wav/Recording_1_Segment_21_11.npy	EATO,BTNW
/home/fumchin/data/bsed_20/dataset/ENA/train_unlabeled_preprocess/wav/Recording_4_Segment_12_10.npy	EATO,NOCA,BGGN
/home/fumchin/data/bsed_20/dataset/ENA/train_unlabeled_preprocess/wav/Recording_1_Segment_24_5.npy	EATO,BCCH,BTNW,AMCR,OVEN
/home/fumchin/data/bsed_20/dataset/ENA/train_unlabeled_preprocess/wav/Recording_4_Segment_09_28.npy	EATO,WOTH,BCCH,NOCA
/home/fumchin/data/bsed_20/dataset/ENA/train_unlabeled_preprocess/wav/Recording_4_Segment_24_28.npy	EATO,BCCH,NOCA,COYE
/home/fumchin/data/bsed_20/dataset/ENA/train_unlabeled_preprocess/wav/Recording_2_Segment_09_25.npy	EATO,BTNW,AMCR,SCTA,AMRE
/home/fumchin/data/bsed_20/dataset/ENA/train_unlabeled_preprocess/wav/Recording_4_Segment_18_23.npy	EATO,NOCA,AMCR
/home/fumchin/data/bsed_20/dataset/ENA/train_unlabeled_preprocess/wav/Recording_4_Segment_12_20.npy	EATO,WOTH,NOCA,AMCR
/home/fumchin/data/bsed_20/dataset/ENA/train_unlabeled_preprocess/wav/Recording_4_Segment_13_8.npy	EATO
/home/fumchin/data/bsed_20/dataset/ENA/train_unlabeled_preprocess/wav/Recording_2_Segment_14_14.npy	WOTH,BTNW,NOCA,AMCR,SCTA
/home/fumchin/data/bsed_20/dataset/ENA/train_unlabeled_preprocess/wav/Recording_1_Segment_23_13.npy	EATO,BCCH,BTNW,AMCR
/home/fumchin/data/bsed_20/dataset/ENA/train_unlabeled_preprocess/wav/Recording_4_Segment_12_27.npy	EATO,NOCA,BGGN
/home/fumchin/data/bsed_20/dataset/ENA/train_unlabeled_preprocess/wav/Recording_4_Segment_22_19.npy	EATO,BCCH,NOCA,COYE
/home/fumchin/data/bsed_20/dataset/ENA/train_unlabeled_preprocess/wav/Recording_1_Segment_14_25.npy	EATO,WOTH,BTNW,TUTI,OVEN
/home/fumchin/data/bsed_20/dataset/ENA/train_unlabeled_preprocess/wav/Recording_2_Segment_01_10.npy	WOTH
/home/fumchin/data/bsed_20/dataset/ENA/train_unlabeled_preprocess/wav/Recording_1_Segment_26_5.npy	AMCR
/home/fumchin/data/bsed_20/dataset/ENA/train_unlabeled_preprocess/wav/Recording_4_Segment_25_24.npy	EATO,NOCA
/home/fumchin/data/bsed_20/dataset/ENA/train_unlabeled_preprocess/wav/Recording_2_Segment_11_10.npy	WOTH,AMCR,KEWA
/home/fumchin/data/bsed_20/dataset/ENA/train_unlabeled_preprocess/wav/Recording_1_Segment_04_22.npy	EATO,WOTH
/home/fumchin/data/bsed_20/dataset/ENA/train_unlabeled_preprocess/wav/Recording_4_Segment_20_1.npy	BCCH,NOCA,COYE
/home/fumchin/data/bsed_20/dataset/ENA/train_unlabeled_preprocess/wav/Recording_4_Segment_03_26.npy	EATO,BLJA
/home/fumchin/data/bsed_20/dataset/ENA/train_unlabeled_preprocess/wav/Recording_2_Segment_07_14.npy	EATO,WOTH,BCCH,REVI,SCTA,KEWA
/home/fumchin/data/bsed_20/dataset/ENA/train_unlabeled_preprocess/wav/Recording_1_Segment_09_22.npy	WOTH,BTNW,TUTI,NOCA,AMCR,OVEN,HETH
/home/fumchin/data/bsed_20/dataset/ENA/train_unlabeled_preprocess/wav/Recording_1_Segment_35_4.npy	EATO,REVI
/home/fumchin/data/bsed_20/dataset/ENA/train_unlabeled_preprocess/wav/Recording_1_Segment_09_11.npy	EATO,WOTH,BTNW,OVEN
/home/fumchin/data/bsed_20/dataset/ENA/train_unlabeled_preprocess/wav/Recording_4_Segment_02_3.npy	EATO,BLJA
/home/fumchin/data/bsed_20/dataset/ENA/train_unlabeled_preprocess/wav/Recording_1_Segment_30_2.npy	EATO,BTNW,AMCR
/home/fumchin/data/bsed_20/dataset/ENA/train_unlabeled_preprocess/wav/Recording_1_Segment_25_4.npy	EATO,BCCH,BTNW,AMCR
/home/fumchin/data/bsed_20/dataset/ENA/train_unlabeled_preprocess/wav/Recording_4_Segment_17_12.npy	EATO
/home/fumchin/data/bsed_20/dataset/ENA/train_unlabeled_preprocess/wav/Recording_1_Segment_31_6.npy	EATO,BTNW,OVEN
/home/fumchin/data/bsed_20/dataset/ENA/train_unlabeled_preprocess/wav/Recording_2_Segment_07_24.npy	WOTH,BCCH,REVI,AMCR,SCTA,AMRE,KEWA
/home/fumchin/data/bsed_20/dataset/ENA/train_unlabeled_preprocess/wav/Recording_4_Segment_03_22.npy	EATO,BLJA
/home/fumchin/data/bsed_20/dataset/ENA/train_unlabeled_preprocess/wav/Recording_1_Segment_23_3.npy	EATO,BCCH,BTNW,AMCR,OVEN
/home/fumchin/data/bsed_20/dataset/ENA/train_unlabeled_preprocess/wav/Recording_1_Segment_03_28.npy	EATO
/home/fumchin/data/bsed_20/dataset/ENA/train_unlabeled_preprocess/wav/Recording_4_Segment_08_18.npy	EATO
/home/fumchin/data/bsed_20/dataset/ENA/train_unlabeled_preprocess/wav/Recording_4_Segment_16_12.npy	EATO,BCCH,BLJA
/home/fumchin/data/bsed_20/dataset/ENA/train_unlabeled_preprocess/wav/Recording_2_Segment_12_9.npy	EATO,BTNW,REVI,AMCR,SCTA,AMRE,KEWA
/home/fumchin/data/bsed_20/dataset/ENA/train_unlabeled_preprocess/wav/Recording_1_Segment_25_9.npy	BTNW,AMCR,OVEN
/home/fumchin/data/bsed_20/dataset/ENA/train_unlabeled_preprocess/wav/Recording_1_Segment_08_19.npy	WOTH,TUTI,OVEN
/home/fumchin/data/bsed_20/dataset/ENA/train_unlabeled_preprocess/wav/Recording_4_Segment_03_7.npy	EATO
/home/fumchin/data/bsed_20/dataset/ENA/train_unlabeled_preprocess/wav/Recording_4_Segment_26_4.npy	EATO,NOCA
/home/fumchin/data/bsed_20/dataset/ENA/train_unlabeled_preprocess/wav/Recording_2_Segment_07_5.npy	WOTH,SCTA,AMRE,KEWA
/home/fumchin/data/bsed_20/dataset/ENA/train_unlabeled_preprocess/wav/Recording_4_Segment_05_24.npy	EATO,NOCA
/home/fumchin/data/bsed_20/dataset/ENA/train_unlabeled_preprocess/wav/Recording_4_Segment_18_26.npy	EATO,BCCH,NOCA
/home/fumchin/data/bsed_20/dataset/ENA/train_unlabeled_preprocess/wav/Recording_2_Segment_11_18.npy	WOTH,AMCR,KEWA
/home/fumchin/data/bsed_20/dataset/ENA/train_unlabeled_preprocess/wav/Recording_2_Segment_04_26.npy	WOTH,BCCH,AMRE,KEWA
/home/fumchin/data/bsed_20/dataset/ENA/train_unlabeled_preprocess/wav/Recording_4_Segment_21_1.npy	EATO,COYE
/home/fumchin/data/bsed_20/dataset/ENA/train_unlabeled_preprocess/wav/Recording_4_Segment_09_15.npy	EATO,NOCA
/home/fumchin/data/bsed_20/dataset/ENA/train_unlabeled_preprocess/wav/Recording_1_Segment_35_14.npy	EATO,BTNW
/home/fumchin/data/bsed_20/dataset/ENA/train_unlabeled_preprocess/wav/Recording_1_Segment_27_9.npy	BTNW,AMCR
/home/fumchin/data/bsed_20/dataset/ENA/train_unlabeled_preprocess/wav/Recording_4_Segment_25_2.npy	EATO,NOCA,COYE
/home/fumchin/data/bsed_20/dataset/ENA/train_unlabeled_preprocess/wav/Recording_1_Segment_12_16.npy	EATO,WOTH,BTNW,TUTI
/home/fumchin/data/bsed_20/dataset/ENA/train_unlabeled_preprocess/wav/Recording_1_Segment_10_22.npy	EATO,WOTH,BTNW
/home/fumchin/data/bsed_20/dataset/ENA/train_unlabeled_preprocess/wav/Recording_2_Segment_13_16.npy	AMCR,AMRE,KEWA
/home/fumchin/data/bsed_20/dataset/ENA/train_unlabeled_preprocess/wav/Recording_4_Segment_02_29.npy	EATO
/home/fumchin/data/bsed_20/dataset/ENA/train_unlabeled_preprocess/wav/Recording_1_Segment_23_28.npy	EATO,BCCH,AMCR,OVEN
/home/fumchin/data/bsed_20/dataset/ENA/train_unlabeled_preprocess/wav/Recording_1_Segment_36_14.npy	EATO,TUTI
/home/fumchin/data/bsed_20/dataset/ENA/train_unlabeled_preprocess/wav/Recording_1_Segment_32_26.npy	BTNW
/home/fumchin/data/bsed_20/dataset/ENA/train_unlabeled_preprocess/wav/Recording_4_Segment_26_13.npy	EATO,NOCA
/home/fumchin/data/bsed_20/dataset/ENA/train_unlabeled_preprocess/wav/Recording_2_Segment_14_25.npy	EATO,WOTH,AMCR,SCTA
/home/fumchin/data/bsed_20/dataset/ENA/train_unlabeled_preprocess/wav/Recording_1_Segment_31_5.npy	EATO,BTNW
/home/fumchin/data/bsed_20/dataset/ENA/train_unlabeled_preprocess/wav/Recording_1_Segment_20_19.npy	EATO,BTNW,TUTI
/home/fumchin/data/bsed_20/dataset/ENA/train_unlabeled_preprocess/wav/Recording_1_Segment_31_17.npy	BTNW
/home/fumchin/data/bsed_20/dataset/ENA/train_unlabeled_preprocess/wav/Recording_1_Segment_08_16.npy	WOTH
/home/fumchin/data/bsed_20/dataset/ENA/train_unlabeled_preprocess/wav/Recording_4_Segment_16_5.npy	EATO,BLJA
/home/fumchin/data/bsed_20/dataset/ENA/train_unlabeled_preprocess/wav/Recording_1_Segment_11_14.npy	EATO,WOTH,OVEN
/home/fumchin/data/bsed_20/dataset/ENA/train_unlabeled_preprocess/wav/Recording_4_Segment_17_17.npy	EATO
/home/fumchin/data/bsed_20/dataset/ENA/train_unlabeled_preprocess/wav/Recording_4_Segment_10_10.npy	EATO,BCCH,BLJA,BGGN
/home/fumchin/data/bsed_20/dataset/ENA/train_unlabeled_preprocess/wav/Recording_1_Segment_28_7.npy	EATO,AMCR,OVEN
/home/fumchin/data/bsed_20/dataset/ENA/train_unlabeled_preprocess/wav/Recording_1_Segment_05_28.npy	EATO,WOTH,BCCH,TUTI
/home/fumchin/data/bsed_20/dataset/ENA/train_unlabeled_preprocess/wav/Recording_1_Segment_14_7.npy	EATO,BTNW,TUTI
/home/fumchin/data/bsed_20/dataset/ENA/train_unlabeled_preprocess/wav/Recording_1_Segment_06_26.npy	EATO,WOTH,TUTI
/home/fumchin/data/bsed_20/dataset/ENA/train_unlabeled_preprocess/wav/Recording_1_Segment_10_29.npy	EATO,WOTH,BTNW,TUTI,OVEN
/home/fumchin/data/bsed_20/dataset/ENA/train_unlabeled_preprocess/wav/Recording_4_Segment_16_26.npy	EATO,BCCH,BLJA
/home/fumchin/data/bsed_20/dataset/ENA/train_unlabeled_preprocess/wav/Recording_1_Segment_11_0.npy	EATO,WOTH,BTNW
/home/fumchin/data/bsed_20/dataset/ENA/train_unlabeled_preprocess/wav/Recording_4_Segment_14_3.npy	EATO,AMCR,COYE
/home/fumchin/data/bsed_20/dataset/ENA/train_unlabeled_preprocess/wav/Recording_4_Segment_08_6.npy	EATO,BLJA
/home/fumchin/data/bsed_20/dataset/ENA/train_unlabeled_preprocess/wav/Recording_1_Segment_18_6.npy	BTNW
/home/fumchin/data/bsed_20/dataset/ENA/train_unlabeled_preprocess/wav/Recording_4_Segment_05_28.npy	EATO,TUTI,NOCA
/home/fumchin/data/bsed_20/dataset/ENA/train_unlabeled_preprocess/wav/Recording_2_Segment_11_1.npy	WOTH,REVI,AMCR
/home/fumchin/data/bsed_20/dataset/ENA/train_unlabeled_preprocess/wav/Recording_2_Segment_10_1.npy	EATO,REVI,AMCR,SCTA,AMRE,KEWA
/home/fumchin/data/bsed_20/dataset/ENA/train_unlabeled_preprocess/wav/Recording_1_Segment_11_17.npy	EATO,WOTH
/home/fumchin/data/bsed_20/dataset/ENA/train_unlabeled_preprocess/wav/Recording_4_Segment_20_7.npy	EATO,AMCR
/home/fumchin/data/bsed_20/dataset/ENA/train_unlabeled_preprocess/wav/Recording_4_Segment_21_9.npy	EATO,NOCA,AMCR,COYE
/home/fumchin/data/bsed_20/dataset/ENA/train_unlabeled_preprocess/wav/Recording_4_Segment_07_16.npy	EATO,WOTH,TUTI,NOCA
/home/fumchin/data/bsed_20/dataset/ENA/train_unlabeled_preprocess/wav/Recording_2_Segment_08_1.npy	EATO,BCCH,REVI,AMCR,SCTA,AMRE,KEWA
/home/fumchin/data/bsed_20/dataset/ENA/train_unlabeled_preprocess/wav/Recording_1_Segment_14_27.npy	EATO,WOTH,BTNW,TUTI,OVEN
/home/fumchin/data/bsed_20/dataset/ENA/train_unlabeled_preprocess/wav/Recording_1_Segment_34_14.npy	EATO
/home/fumchin/data/bsed_20/dataset/ENA/train_unlabeled_preprocess/wav/Recording_1_Segment_35_21.npy	EATO
/home/fumchin/data/bsed_20/dataset/ENA/train_unlabeled_preprocess/wav/Recording_4_Segment_21_11.npy	EATO,NOCA
/home/fumchin/data/bsed_20/dataset/ENA/train_unlabeled_preprocess/wav/Recording_2_Segment_12_2.npy	EATO,BTNW,REVI,AMCR,AMRE,KEWA
/home/fumchin/data/bsed_20/dataset/ENA/train_unlabeled_preprocess/wav/Recording_2_Segment_03_7.npy	WOTH
/home/fumchin/data/bsed_20/dataset/ENA/train_unlabeled_preprocess/wav/Recording_2_Segment_10_5.npy	EATO,BTNW,REVI,AMCR,OVEN,KEWA
/home/fumchin/data/bsed_20/dataset/ENA/train_unlabeled_preprocess/wav/Recording_1_Segment_30_20.npy	EATO,BTNW,AMCR,OVEN
/home/fumchin/data/bsed_20/dataset/ENA/train_unlabeled_preprocess/wav/Recording_1_Segment_15_3.npy	EATO,WOTH,BTNW,TUTI
/home/fumchin/data/bsed_20/dataset/ENA/train_unlabeled_preprocess/wav/Recording_1_Segment_23_14.npy	EATO,BTNW,OVEN
/home/fumchin/data/bsed_20/dataset/ENA/train_unlabeled_preprocess/wav/Recording_2_Segment_12_22.npy	EATO,AMCR,SCTA,KEWA
/home/fumchin/data/bsed_20/dataset/ENA/train_unlabeled_preprocess/wav/Recording_4_Segment_20_21.npy	EATO,COYE
/home/fumchin/data/bsed_20/dataset/ENA/train_unlabeled_preprocess/wav/Recording_4_Segment_08_15.npy	EATO,NOCA
/home/fumchin/data/bsed_20/dataset/ENA/train_unlabeled_preprocess/wav/Recording_1_Segment_21_9.npy	EATO,WOTH,BTNW
/home/fumchin/data/bsed_20/dataset/ENA/train_unlabeled_preprocess/wav/Recording_2_Segment_11_29.npy	EATO,REVI,AMCR,SCTA,AMRE,KEWA
/home/fumchin/data/bsed_20/dataset/ENA/train_unlabeled_preprocess/wav/Recording_1_Segment_18_1.npy	EATO,BTNW
/home/fumchin/data/bsed_20/dataset/ENA/train_unlabeled_preprocess/wav/Recording_4_Segment_09_7.npy	EATO,NOCA,BLJA
/home/fumchin/data/bsed_20/dataset/ENA/train_unlabeled_preprocess/wav/Recording_1_Segment_12_23.npy	EATO,WOTH,BTNW
/home/fumchin/data/bsed_20/dataset/ENA/train_unlabeled_preprocess/wav/Recording_1_Segment_14_29.npy	EATO,WOTH,BTNW,TUTI
/home/fumchin/data/bsed_20/dataset/ENA/train_unlabeled_preprocess/wav/Recording_1_Segment_36_7.npy	EATO,BTNW
/home/fumchin/data/bsed_20/dataset/ENA/train_unlabeled_preprocess/wav/Recording_2_Segment_08_28.npy	BCCH,REVI,AMCR,SCTA,AMRE,KEWA
/home/fumchin/data/bsed_20/dataset/ENA/train_unlabeled_preprocess/wav/Recording_1_Segment_18_25.npy	EATO,BTNW,OVEN,BHVI
/home/fumchin/data/bsed_20/dataset/ENA/train_unlabeled_preprocess/wav/Recording_1_Segment_06_25.npy	EATO,WOTH,TUTI
/home/fumchin/data/bsed_20/dataset/ENA/train_unlabeled_preprocess/wav/Recording_1_Segment_11_9.npy	EATO,WOTH,OVEN
/home/fumchin/data/bsed_20/dataset/ENA/train_unlabeled_preprocess/wav/Recording_4_Segment_16_6.npy	EATO,WOTH,BCCH,AMCR
/home/fumchin/data/bsed_20/dataset/ENA/train_unlabeled_preprocess/wav/Recording_4_Segment_18_20.npy	EATO,BCCH,AMCR
/home/fumchin/data/bsed_20/dataset/ENA/train_unlabeled_preprocess/wav/Recording_1_Segment_12_18.npy	EATO,WOTH,BTNW,TUTI
/home/fumchin/data/bsed_20/dataset/ENA/train_unlabeled_preprocess/wav/Recording_4_Segment_03_9.npy	EATO
/home/fumchin/data/bsed_20/dataset/ENA/train_unlabeled_preprocess/wav/Recording_1_Segment_33_29.npy	EATO
/home/fumchin/data/bsed_20/dataset/ENA/train_unlabeled_preprocess/wav/Recording_1_Segment_19_7.npy	EATO,BCCH,BTNW,TUTI,OVEN
/home/fumchin/data/bsed_20/dataset/ENA/train_unlabeled_preprocess/wav/Recording_4_Segment_08_1.npy	EATO,NOCA
/home/fumchin/data/bsed_20/dataset/ENA/train_unlabeled_preprocess/wav/Recording_2_Segment_04_13.npy	WOTH,REVI,AMRE
/home/fumchin/data/bsed_20/dataset/ENA/train_unlabeled_preprocess/wav/Recording_4_Segment_18_17.npy	EATO,NOCA,BLJA
/home/fumchin/data/bsed_20/dataset/ENA/train_unlabeled_preprocess/wav/Recording_1_Segment_27_15.npy	BTNW,AMCR
/home/fumchin/data/bsed_20/dataset/ENA/train_unlabeled_preprocess/wav/Recording_4_Segment_11_17.npy	EATO
/home/fumchin/data/bsed_20/dataset/ENA/train_unlabeled_preprocess/wav/Recording_1_Segment_22_4.npy	EATO,WOTH,BCCH,BTNW,TUTI,OVEN
/home/fumchin/data/bsed_20/dataset/ENA/train_unlabeled_preprocess/wav/Recording_1_Segment_12_19.npy	EATO,WOTH,BTNW,TUTI,OVEN,BHCO
/home/fumchin/data/bsed_20/dataset/ENA/train_unlabeled_preprocess/wav/Recording_4_Segment_23_25.npy	EATO,BCCH,NOCA
/home/fumchin/data/bsed_20/dataset/ENA/train_unlabeled_preprocess/wav/Recording_4_Segment_07_2.npy	EATO,WOTH,NOCA
/home/fumchin/data/bsed_20/dataset/ENA/train_unlabeled_preprocess/wav/Recording_1_Segment_18_12.npy	BTNW,OVEN
/home/fumchin/data/bsed_20/dataset/ENA/train_unlabeled_preprocess/wav/Recording_1_Segment_12_17.npy	EATO,WOTH,BTNW,TUTI,OVEN
/home/fumchin/data/bsed_20/dataset/ENA/train_unlabeled_preprocess/wav/Recording_4_Segment_08_4.npy	EATO,NOCA,BLJA
/home/fumchin/data/bsed_20/dataset/ENA/train_unlabeled_preprocess/wav/Recording_2_Segment_05_6.npy	WOTH,AMRE,KEWA
/home/fumchin/data/bsed_20/dataset/ENA/train_unlabeled_preprocess/wav/Recording_1_Segment_04_13.npy	EATO,WOTH
/home/fumchin/data/bsed_20/dataset/ENA/train_unlabeled_preprocess/wav/Recording_1_Segment_04_8.npy	EATO
/home/fumchin/data/bsed_20/dataset/ENA/train_unlabeled_preprocess/wav/Recording_1_Segment_28_12.npy	EATO,BTNW,AMCR,OVEN
/home/fumchin/data/bsed_20/dataset/ENA/train_unlabeled_preprocess/wav/Recording_2_Segment_04_19.npy	WOTH,BCCH,BTNW,REVI,SCTA,AMRE,KEWA
/home/fumchin/data/bsed_20/dataset/ENA/train_unlabeled_preprocess/wav/Recording_1_Segment_02_16.npy	EATO
/home/fumchin/data/bsed_20/dataset/ENA/train_unlabeled_preprocess/wav/Recording_4_Segment_23_13.npy	EATO,NOCA,COYE,BGGN
/home/fumchin/data/bsed_20/dataset/ENA/train_unlabeled_preprocess/wav/Recording_1_Segment_07_14.npy	EATO,WOTH
/home/fumchin/data/bsed_20/dataset/ENA/train_unlabeled_preprocess/wav/Recording_2_Segment_12_24.npy	EATO,WOTH,REVI,AMCR,SCTA,KEWA
/home/fumchin/data/bsed_20/dataset/ENA/train_unlabeled_preprocess/wav/Recording_4_Segment_04_29.npy	EATO,NOCA
/home/fumchin/data/bsed_20/dataset/ENA/train_unlabeled_preprocess/wav/Recording_2_Segment_09_0.npy	EATO,NOCA,REVI,SCTA,AMRE
/home/fumchin/data/bsed_20/dataset/ENA/train_unlabeled_preprocess/wav/Recording_2_Segment_13_11.npy	REVI,AMCR,AMRE
/home/fumchin/data/bsed_20/dataset/ENA/train_unlabeled_preprocess/wav/Recording_4_Segment_10_2.npy	EATO,BCCH,TUTI,NOCA
/home/fumchin/data/bsed_20/dataset/ENA/train_unlabeled_preprocess/wav/Recording_4_Segment_07_27.npy	EATO,NOCA
/home/fumchin/data/bsed_20/dataset/ENA/train_unlabeled_preprocess/wav/Recording_4_Segment_26_19.npy	EATO
/home/fumchin/data/bsed_20/dataset/ENA/train_unlabeled_preprocess/wav/Recording_1_Segment_05_29.npy	EATO,WOTH,BCCH,TUTI
/home/fumchin/data/bsed_20/dataset/ENA/train_unlabeled_preprocess/wav/Recording_1_Segment_22_28.npy	EATO,BTNW,AMCR,SCTA
/home/fumchin/data/bsed_20/dataset/ENA/train_unlabeled_preprocess/wav/Recording_1_Segment_19_28.npy	EATO,BTNW,OVEN,HETH
/home/fumchin/data/bsed_20/dataset/ENA/train_unlabeled_preprocess/wav/Recording_1_Segment_34_18.npy	EATO,BTNW
/home/fumchin/data/bsed_20/dataset/ENA/train_unlabeled_preprocess/wav/Recording_1_Segment_08_2.npy	EATO,WOTH,TUTI,OVEN
/home/fumchin/data/bsed_20/dataset/ENA/train_unlabeled_preprocess/wav/Recording_2_Segment_13_1.npy	EATO,WOTH,REVI,AMCR,SCTA,KEWA,BHCO
/home/fumchin/data/bsed_20/dataset/ENA/train_unlabeled_preprocess/wav/Recording_4_Segment_26_23.npy	EATO
/home/fumchin/data/bsed_20/dataset/ENA/train_unlabeled_preprocess/wav/Recording_1_Segment_21_8.npy	EATO,BTNW,OVEN
/home/fumchin/data/bsed_20/dataset/ENA/train_unlabeled_preprocess/wav/Recording_4_Segment_21_23.npy	EATO,NOCA
/home/fumchin/data/bsed_20/dataset/ENA/train_unlabeled_preprocess/wav/Recording_1_Segment_17_26.npy	EATO,WOTH,BTNW
/home/fumchin/data/bsed_20/dataset/ENA/train_unlabeled_preprocess/wav/Recording_4_Segment_01_7.npy	EATO,BCCH
/home/fumchin/data/bsed_20/dataset/ENA/train_unlabeled_preprocess/wav/Recording_1_Segment_07_2.npy	EATO,WOTH,BCCH,TUTI
/home/fumchin/data/bsed_20/dataset/ENA/train_unlabeled_preprocess/wav/Recording_2_Segment_12_20.npy	EATO,REVI,AMCR,SCTA
/home/fumchin/data/bsed_20/dataset/ENA/train_unlabeled_preprocess/wav/Recording_4_Segment_11_20.npy	EATO
/home/fumchin/data/bsed_20/dataset/ENA/train_unlabeled_preprocess/wav/Recording_1_Segment_16_20.npy	EATO,BTNW,OVEN
/home/fumchin/data/bsed_20/dataset/ENA/train_unlabeled_preprocess/wav/Recording_4_Segment_20_24.npy	EATO,COYE
/home/fumchin/data/bsed_20/dataset/ENA/train_unlabeled_preprocess/wav/Recording_1_Segment_14_19.npy	EATO,TUTI
/home/fumchin/data/bsed_20/dataset/ENA/train_unlabeled_preprocess/wav/Recording_1_Segment_15_23.npy	WOTH,BTNW,OVEN
/home/fumchin/data/bsed_20/dataset/ENA/train_unlabeled_preprocess/wav/Recording_2_Segment_08_13.npy	BTNW,REVI,AMCR,SCTA,AMRE,KEWA
/home/fumchin/data/bsed_20/dataset/ENA/train_unlabeled_preprocess/wav/Recording_1_Segment_13_27.npy	EATO,BTNW
/home/fumchin/data/bsed_20/dataset/ENA/train_unlabeled_preprocess/wav/Recording_2_Segment_06_3.npy	EATO,WOTH,BCCH,BTNW,REVI,AMRE
/home/fumchin/data/bsed_20/dataset/ENA/train_unlabeled_preprocess/wav/Recording_2_Segment_14_27.npy	EATO,WOTH,BTNW,AMCR
/home/fumchin/data/bsed_20/dataset/ENA/train_unlabeled_preprocess/wav/Recording_1_Segment_06_17.npy	EATO,WOTH,BCCH,TUTI,NOCA
/home/fumchin/data/bsed_20/dataset/ENA/train_unlabeled_preprocess/wav/Recording_4_Segment_26_0.npy	EATO,BCCH,NOCA
/home/fumchin/data/bsed_20/dataset/ENA/train_unlabeled_preprocess/wav/Recording_4_Segment_16_22.npy	EATO,BCCH
/home/fumchin/data/bsed_20/dataset/ENA/train_unlabeled_preprocess/wav/Recording_1_Segment_07_28.npy	EATO,WOTH,TUTI
/home/fumchin/data/bsed_20/dataset/ENA/train_unlabeled_preprocess/wav/Recording_4_Segment_22_13.npy	EATO,NOCA,AMCR,COYE,BGGN
/home/fumchin/data/bsed_20/dataset/ENA/train_unlabeled_preprocess/wav/Recording_4_Segment_24_7.npy	EATO,BCCH,NOCA
/home/fumchin/data/bsed_20/dataset/ENA/train_unlabeled_preprocess/wav/Recording_1_Segment_25_24.npy	AMCR,OVEN
/home/fumchin/data/bsed_20/dataset/ENA/train_unlabeled_preprocess/wav/Recording_1_Segment_34_0.npy	EATO
/home/fumchin/data/bsed_20/dataset/ENA/train_unlabeled_preprocess/wav/Recording_4_Segment_17_20.npy	EATO,BCCH
/home/fumchin/data/bsed_20/dataset/ENA/train_unlabeled_preprocess/wav/Recording_4_Segment_18_4.npy	EATO,NOCA
/home/fumchin/data/bsed_20/dataset/ENA/train_unlabeled_preprocess/wav/Recording_4_Segment_25_29.npy	EATO,NOCA
/home/fumchin/data/bsed_20/dataset/ENA/train_unlabeled_preprocess/wav/Recording_4_Segment_15_0.npy	EATO
/home/fumchin/data/bsed_20/dataset/ENA/train_unlabeled_preprocess/wav/Recording_1_Segment_17_11.npy	BCCH,BTNW
/home/fumchin/data/bsed_20/dataset/ENA/train_unlabeled_preprocess/wav/Recording_4_Segment_04_22.npy	EATO,NOCA
/home/fumchin/data/bsed_20/dataset/ENA/train_unlabeled_preprocess/wav/Recording_2_Segment_11_3.npy	WOTH,REVI,AMCR,SCTA
/home/fumchin/data/bsed_20/dataset/ENA/train_unlabeled_preprocess/wav/Recording_2_Segment_10_14.npy	WOTH,REVI,AMCR
/home/fumchin/data/bsed_20/dataset/ENA/train_unlabeled_preprocess/wav/Recording_1_Segment_32_13.npy	EATO,BTNW,TUTI
/home/fumchin/data/bsed_20/dataset/ENA/train_unlabeled_preprocess/wav/Recording_4_Segment_10_15.npy	EATO,COYE
/home/fumchin/data/bsed_20/dataset/ENA/train_unlabeled_preprocess/wav/Recording_1_Segment_07_12.npy	EATO,WOTH,BCCH,SCTA
/home/fumchin/data/bsed_20/dataset/ENA/train_unlabeled_preprocess/wav/Recording_1_Segment_22_11.npy	EATO,WOTH,BTNW,TUTI,OVEN
/home/fumchin/data/bsed_20/dataset/ENA/train_unlabeled_preprocess/wav/Recording_2_Segment_03_20.npy	WOTH,BTNW
/home/fumchin/data/bsed_20/dataset/ENA/train_unlabeled_preprocess/wav/Recording_1_Segment_22_6.npy	EATO,BTNW,TUTI,OVEN
/home/fumchin/data/bsed_20/dataset/ENA/train_unlabeled_preprocess/wav/Recording_1_Segment_13_22.npy	EATO
/home/fumchin/data/bsed_20/dataset/ENA/train_unlabeled_preprocess/wav/Recording_1_Segment_30_16.npy	EATO,BTNW,AMCR
/home/fumchin/data/bsed_20/dataset/ENA/train_unlabeled_preprocess/wav/Recording_2_Segment_11_6.npy	WOTH,AMCR,KEWA
/home/fumchin/data/bsed_20/dataset/ENA/train_unlabeled_preprocess/wav/Recording_2_Segment_13_22.npy	WOTH,REVI,AMCR,SCTA,AMRE,KEWA
/home/fumchin/data/bsed_20/dataset/ENA/train_unlabeled_preprocess/wav/Recording_1_Segment_35_7.npy	EATO,BTNW,OVEN
/home/fumchin/data/bsed_20/dataset/ENA/train_unlabeled_preprocess/wav/Recording_4_Segment_26_5.npy	EATO
/home/fumchin/data/bsed_20/dataset/ENA/train_unlabeled_preprocess/wav/Recording_1_Segment_26_2.npy	BCCH,BTNW,TUTI,AMCR
/home/fumchin/data/bsed_20/dataset/ENA/train_unlabeled_preprocess/wav/Recording_2_Segment_14_20.npy	EATO,WOTH,AMCR,SCTA,AMRE
/home/fumchin/data/bsed_20/dataset/ENA/train_unlabeled_preprocess/wav/Recording_1_Segment_34_25.npy	EATO,BTNW,AMCR
/home/fumchin/data/bsed_20/dataset/ENA/train_unlabeled_preprocess/wav/Recording_2_Segment_06_22.npy	EATO,WOTH,BTNW,REVI,SCTA,AMRE,KEWA
/home/fumchin/data/bsed_20/dataset/ENA/train_unlabeled_preprocess/wav/Recording_2_Segment_02_0.npy	WOTH
/home/fumchin/data/bsed_20/dataset/ENA/train_unlabeled_preprocess/wav/Recording_1_Segment_17_21.npy	EATO,BTNW,BHVI
/home/fumchin/data/bsed_20/dataset/ENA/train_unlabeled_preprocess/wav/Recording_2_Segment_06_24.npy	WOTH,BCCH,REVI,AMRE,KEWA
/home/fumchin/data/bsed_20/dataset/ENA/train_unlabeled_preprocess/wav/Recording_1_Segment_35_23.npy	EATO
/home/fumchin/data/bsed_20/dataset/ENA/train_unlabeled_preprocess/wav/Recording_4_Segment_10_12.npy	EATO,BLJA
/home/fumchin/data/bsed_20/dataset/ENA/train_unlabeled_preprocess/wav/Recording_1_Segment_25_10.npy	BCCH,BTNW,AMCR
/home/fumchin/data/bsed_20/dataset/ENA/train_unlabeled_preprocess/wav/Recording_1_Segment_23_4.npy	EATO,BTNW,AMCR
/home/fumchin/data/bsed_20/dataset/ENA/train_unlabeled_preprocess/wav/Recording_1_Segment_09_12.npy	EATO,WOTH,BTNW
/home/fumchin/data/bsed_20/dataset/ENA/train_unlabeled_preprocess/wav/Recording_4_Segment_02_13.npy	EATO,BLJA
/home/fumchin/data/bsed_20/dataset/ENA/train_unlabeled_preprocess/wav/Recording_4_Segment_23_1.npy	EATO,NOCA,AMCR,COYE
/home/fumchin/data/bsed_20/dataset/ENA/train_unlabeled_preprocess/wav/Recording_1_Segment_04_11.npy	EATO,WOTH,TUTI
/home/fumchin/data/bsed_20/dataset/ENA/train_unlabeled_preprocess/wav/Recording_4_Segment_08_25.npy	EATO
/home/fumchin/data/bsed_20/dataset/ENA/train_unlabeled_preprocess/wav/Recording_1_Segment_32_27.npy	BTNW,OVEN
/home/fumchin/data/bsed_20/dataset/ENA/train_unlabeled_preprocess/wav/Recording_4_Segment_25_7.npy	EATO,BCCH,NOCA
/home/fumchin/data/bsed_20/dataset/ENA/train_unlabeled_preprocess/wav/Recording_1_Segment_04_25.npy	EATO,WOTH
/home/fumchin/data/bsed_20/dataset/ENA/train_unlabeled_preprocess/wav/Recording_1_Segment_15_2.npy	EATO,WOTH,BTNW,TUTI,OVEN
/home/fumchin/data/bsed_20/dataset/ENA/train_unlabeled_preprocess/wav/Recording_2_Segment_11_24.npy	WOTH,AMCR,OVEN,KEWA
/home/fumchin/data/bsed_20/dataset/ENA/train_unlabeled_preprocess/wav/Recording_2_Segment_01_2.npy	WOTH
/home/fumchin/data/bsed_20/dataset/ENA/train_unlabeled_preprocess/wav/Recording_1_Segment_21_26.npy	EATO,WOTH,BCCH,BTNW,TUTI
/home/fumchin/data/bsed_20/dataset/ENA/train_unlabeled_preprocess/wav/Recording_4_Segment_08_5.npy	EATO,NOCA
/home/fumchin/data/bsed_20/dataset/ENA/train_unlabeled_preprocess/wav/Recording_4_Segment_04_17.npy	EATO,BLJA
/home/fumchin/data/bsed_20/dataset/ENA/train_unlabeled_preprocess/wav/Recording_4_Segment_21_2.npy	EATO
/home/fumchin/data/bsed_20/dataset/ENA/train_unlabeled_preprocess/wav/Recording_2_Segment_04_15.npy	WOTH,BTNW,REVI,SCTA,AMRE,KEWA
/home/fumchin/data/bsed_20/dataset/ENA/train_unlabeled_preprocess/wav/Recording_4_Segment_01_6.npy	EATO,BLJA
/home/fumchin/data/bsed_20/dataset/ENA/train_unlabeled_preprocess/wav/Recording_2_Segment_04_8.npy	EATO,WOTH,OVEN,SCTA,AMRE
/home/fumchin/data/bsed_20/dataset/ENA/train_unlabeled_preprocess/wav/Recording_1_Segment_04_7.npy	EATO
/home/fumchin/data/bsed_20/dataset/ENA/train_unlabeled_preprocess/wav/Recording_2_Segment_14_7.npy	EATO,WOTH,BCCH,AMCR,KEWA
/home/fumchin/data/bsed_20/dataset/ENA/train_unlabeled_preprocess/wav/Recording_1_Segment_33_12.npy	EATO,BTNW
/home/fumchin/data/bsed_20/dataset/ENA/train_unlabeled_preprocess/wav/Recording_2_Segment_14_18.npy	WOTH,AMCR,AMRE
/home/fumchin/data/bsed_20/dataset/ENA/train_unlabeled_preprocess/wav/Recording_1_Segment_36_25.npy	EATO,WOTH,TUTI
/home/fumchin/data/bsed_20/dataset/ENA/train_unlabeled_preprocess/wav/Recording_2_Segment_14_19.npy	EATO,WOTH,AMCR,SCTA,KEWA
/home/fumchin/data/bsed_20/dataset/ENA/train_unlabeled_preprocess/wav/Recording_4_Segment_17_18.npy	EATO,BCCH
/home/fumchin/data/bsed_20/dataset/ENA/train_unlabeled_preprocess/wav/Recording_1_Segment_26_9.npy	BCCH,BTNW,AMCR
/home/fumchin/data/bsed_20/dataset/ENA/train_unlabeled_preprocess/wav/Recording_4_Segment_13_5.npy	EATO,NOCA
/home/fumchin/data/bsed_20/dataset/ENA/train_unlabeled_preprocess/wav/Recording_2_Segment_14_9.npy	WOTH,BTNW,AMCR,SCTA
/home/fumchin/data/bsed_20/dataset/ENA/train_unlabeled_preprocess/wav/Recording_1_Segment_33_21.npy	EATO,BTNW
/home/fumchin/data/bsed_20/dataset/ENA/train_unlabeled_preprocess/wav/Recording_1_Segment_07_10.npy	EATO,WOTH,BCCH,TUTI,NOCA
/home/fumchin/data/bsed_20/dataset/ENA/train_unlabeled_preprocess/wav/Recording_4_Segment_04_8.npy	EATO,BLJA
/home/fumchin/data/bsed_20/dataset/ENA/train_unlabeled_preprocess/wav/Recording_2_Segment_09_21.npy	EATO,BCCH,BTNW,REVI,AMCR,SCTA,KEWA
/home/fumchin/data/bsed_20/dataset/ENA/train_unlabeled_preprocess/wav/Recording_1_Segment_15_27.npy	WOTH,OVEN
/home/fumchin/data/bsed_20/dataset/ENA/train_unlabeled_preprocess/wav/Recording_1_Segment_19_5.npy	EATO,BTNW,TUTI,OVEN,BHVI
/home/fumchin/data/bsed_20/dataset/ENA/train_unlabeled_preprocess/wav/Recording_4_Segment_15_1.npy	EATO
/home/fumchin/data/bsed_20/dataset/ENA/train_unlabeled_preprocess/wav/Recording_1_Segment_08_28.npy	EATO,WOTH,OVEN
/home/fumchin/data/bsed_20/dataset/ENA/train_unlabeled_preprocess/wav/Recording_2_Segment_02_26.npy	WOTH,BCCH
/home/fumchin/data/bsed_20/dataset/ENA/train_unlabeled_preprocess/wav/Recording_4_Segment_20_13.npy	EATO,COYE,BGGN
/home/fumchin/data/bsed_20/dataset/ENA/train_unlabeled_preprocess/wav/Recording_4_Segment_14_5.npy	EATO,COYE
/home/fumchin/data/bsed_20/dataset/ENA/train_unlabeled_preprocess/wav/Recording_1_Segment_20_6.npy	EATO,WOTH,BTNW,TUTI,OVEN,HETH
/home/fumchin/data/bsed_20/dataset/ENA/train_unlabeled_preprocess/wav/Recording_3_Segment_01_10.npy	NOCA
/home/fumchin/data/bsed_20/dataset/ENA/train_unlabeled_preprocess/wav/Recording_1_Segment_19_0.npy	EATO,WOTH,OVEN
/home/fumchin/data/bsed_20/dataset/ENA/train_unlabeled_preprocess/wav/Recording_1_Segment_09_19.npy	EATO,WOTH,BTNW,NOCA
/home/fumchin/data/bsed_20/dataset/ENA/train_unlabeled_preprocess/wav/Recording_1_Segment_05_16.npy	EATO,WOTH
/home/fumchin/data/bsed_20/dataset/ENA/train_unlabeled_preprocess/wav/Recording_2_Segment_09_14.npy	WOTH,REVI,SCTA,KEWA
/home/fumchin/data/bsed_20/dataset/ENA/train_unlabeled_preprocess/wav/Recording_2_Segment_04_29.npy	EATO,WOTH,BCCH,AMRE,KEWA
/home/fumchin/data/bsed_20/dataset/ENA/train_unlabeled_preprocess/wav/Recording_4_Segment_22_11.npy	EATO,NOCA,COYE
/home/fumchin/data/bsed_20/dataset/ENA/train_unlabeled_preprocess/wav/Recording_1_Segment_27_28.npy	EATO,AMCR
/home/fumchin/data/bsed_20/dataset/ENA/train_unlabeled_preprocess/wav/Recording_4_Segment_22_29.npy	EATO,BCCH,AMCR
/home/fumchin/data/bsed_20/dataset/ENA/train_unlabeled_preprocess/wav/Recording_1_Segment_16_26.npy	EATO,WOTH,BTNW,NOCA
/home/fumchin/data/bsed_20/dataset/ENA/train_unlabeled_preprocess/wav/Recording_4_Segment_21_29.npy	EATO,BCCH,NOCA,COYE
/home/fumchin/data/bsed_20/dataset/ENA/train_unlabeled_preprocess/wav/Recording_4_Segment_07_29.npy	EATO,NOCA,BHVI
/home/fumchin/data/bsed_20/dataset/ENA/train_unlabeled_preprocess/wav/Recording_1_Segment_36_3.npy	EATO
/home/fumchin/data/bsed_20/dataset/ENA/train_unlabeled_preprocess/wav/Recording_1_Segment_04_16.npy	EATO,WOTH
/home/fumchin/data/bsed_20/dataset/ENA/train_unlabeled_preprocess/wav/Recording_2_Segment_14_10.npy	EATO,BCCH,BTNW,NOCA,AMCR,SCTA,KEWA
/home/fumchin/data/bsed_20/dataset/ENA/train_unlabeled_preprocess/wav/Recording_4_Segment_23_10.npy	EATO,BCCH,NOCA
/home/fumchin/data/bsed_20/dataset/ENA/train_unlabeled_preprocess/wav/Recording_1_Segment_12_26.npy	EATO,BTNW,TUTI,OVEN
/home/fumchin/data/bsed_20/dataset/ENA/train_unlabeled_preprocess/wav/Recording_2_Segment_07_13.npy	EATO,WOTH,BCCH,REVI,SCTA,KEWA
/home/fumchin/data/bsed_20/dataset/ENA/train_unlabeled_preprocess/wav/Recording_2_Segment_01_26.npy	WOTH
/home/fumchin/data/bsed_20/dataset/ENA/train_unlabeled_preprocess/wav/Recording_4_Segment_03_19.npy	EATO,BLJA
/home/fumchin/data/bsed_20/dataset/ENA/train_unlabeled_preprocess/wav/Recording_1_Segment_24_16.npy	EATO,BCCH,BTNW,AMCR
/home/fumchin/data/bsed_20/dataset/ENA/train_unlabeled_preprocess/wav/Recording_2_Segment_12_25.npy	EATO,REVI,AMCR,SCTA,AMRE
/home/fumchin/data/bsed_20/dataset/ENA/train_unlabeled_preprocess/wav/Recording_2_Segment_08_12.npy	BCCH,BTNW,REVI,AMCR,SCTA,AMRE,KEWA
/home/fumchin/data/bsed_20/dataset/ENA/train_unlabeled_preprocess/wav/Recording_2_Segment_04_1.npy	WOTH,BTNW
/home/fumchin/data/bsed_20/dataset/ENA/train_unlabeled_preprocess/wav/Recording_4_Segment_08_27.npy	EATO
/home/fumchin/data/bsed_20/dataset/ENA/train_unlabeled_preprocess/wav/Recording_1_Segment_27_3.npy	EATO,BTNW,AMCR,OVEN
/home/fumchin/data/bsed_20/dataset/ENA/train_unlabeled_preprocess/wav/Recording_4_Segment_14_22.npy	EATO,NOCA,AMCR
/home/fumchin/data/bsed_20/dataset/ENA/train_unlabeled_preprocess/wav/Recording_1_Segment_15_26.npy	EATO,WOTH,BTNW,OVEN
/home/fumchin/data/bsed_20/dataset/ENA/train_unlabeled_preprocess/wav/Recording_1_Segment_10_11.npy	WOTH,BTNW,TUTI
/home/fumchin/data/bsed_20/dataset/ENA/train_unlabeled_preprocess/wav/Recording_1_Segment_04_18.npy	EATO,WOTH
/home/fumchin/data/bsed_20/dataset/ENA/train_unlabeled_preprocess/wav/Recording_2_Segment_11_15.npy	WOTH,REVI,AMCR,SCTA
/home/fumchin/data/bsed_20/dataset/ENA/train_unlabeled_preprocess/wav/Recording_1_Segment_05_27.npy	EATO,WOTH,TUTI
/home/fumchin/data/bsed_20/dataset/ENA/train_unlabeled_preprocess/wav/Recording_2_Segment_14_22.npy	EATO,WOTH,BTNW,AMCR
/home/fumchin/data/bsed_20/dataset/ENA/train_unlabeled_preprocess/wav/Recording_2_Segment_01_23.npy	EATO,WOTH
/home/fumchin/data/bsed_20/dataset/ENA/train_unlabeled_preprocess/wav/Recording_2_Segment_05_9.npy	WOTH,BCCH,BTNW,NOCA,AMRE
/home/fumchin/data/bsed_20/dataset/ENA/train_unlabeled_preprocess/wav/Recording_4_Segment_06_10.npy	EATO
/home/fumchin/data/bsed_20/dataset/ENA/train_unlabeled_preprocess/wav/Recording_1_Segment_11_28.npy	EATO,WOTH,TUTI
/home/fumchin/data/bsed_20/dataset/ENA/train_unlabeled_preprocess/wav/Recording_4_Segment_11_2.npy	EATO,BGGN
/home/fumchin/data/bsed_20/dataset/ENA/train_unlabeled_preprocess/wav/Recording_1_Segment_17_27.npy	EATO,WOTH,BTNW
/home/fumchin/data/bsed_20/dataset/ENA/train_unlabeled_preprocess/wav/Recording_2_Segment_04_4.npy	WOTH,BCCH,BTNW,OVEN,AMRE
/home/fumchin/data/bsed_20/dataset/ENA/train_unlabeled_preprocess/wav/Recording_4_Segment_02_23.npy	EATO,BLJA
/home/fumchin/data/bsed_20/dataset/ENA/train_unlabeled_preprocess/wav/Recording_1_Segment_27_10.npy	BCCH,BTNW,AMCR
/home/fumchin/data/bsed_20/dataset/ENA/train_unlabeled_preprocess/wav/Recording_1_Segment_20_26.npy	EATO,WOTH,BTNW,OVEN
/home/fumchin/data/bsed_20/dataset/ENA/train_unlabeled_preprocess/wav/Recording_4_Segment_05_9.npy	EATO,NOCA,BLJA
/home/fumchin/data/bsed_20/dataset/ENA/train_unlabeled_preprocess/wav/Recording_1_Segment_05_3.npy	EATO,WOTH
/home/fumchin/data/bsed_20/dataset/ENA/train_unlabeled_preprocess/wav/Recording_2_Segment_13_26.npy	EATO,REVI,AMCR,AMRE
/home/fumchin/data/bsed_20/dataset/ENA/train_unlabeled_preprocess/wav/Recording_1_Segment_13_3.npy	EATO,BTNW,OVEN
/home/fumchin/data/bsed_20/dataset/ENA/train_unlabeled_preprocess/wav/Recording_2_Segment_13_17.npy	WOTH,AMCR
/home/fumchin/data/bsed_20/dataset/ENA/train_unlabeled_preprocess/wav/Recording_2_Segment_02_19.npy	WOTH
/home/fumchin/data/bsed_20/dataset/ENA/train_unlabeled_preprocess/wav/Recording_1_Segment_30_6.npy	EATO,BTNW,AMCR
/home/fumchin/data/bsed_20/dataset/ENA/train_unlabeled_preprocess/wav/Recording_4_Segment_10_4.npy	EATO,WOTH,NOCA
/home/fumchin/data/bsed_20/dataset/ENA/train_unlabeled_preprocess/wav/Recording_1_Segment_04_12.npy	EATO,WOTH,TUTI
/home/fumchin/data/bsed_20/dataset/ENA/train_unlabeled_preprocess/wav/Recording_4_Segment_23_7.npy	EATO,BCCH,NOCA,COYE
/home/fumchin/data/bsed_20/dataset/ENA/train_unlabeled_preprocess/wav/Recording_1_Segment_33_17.npy	EATO,BTNW
/home/fumchin/data/bsed_20/dataset/ENA/train_unlabeled_preprocess/wav/Recording_2_Segment_07_26.npy	WOTH,BCCH,REVI,AMCR,SCTA,KEWA
/home/fumchin/data/bsed_20/dataset/ENA/train_unlabeled_preprocess/wav/Recording_4_Segment_25_23.npy	EATO,NOCA,COYE
/home/fumchin/data/bsed_20/dataset/ENA/train_unlabeled_preprocess/wav/Recording_1_Segment_20_2.npy	EATO,BTNW,OVEN,HETH
/home/fumchin/data/bsed_20/dataset/ENA/train_unlabeled_preprocess/wav/Recording_2_Segment_13_15.npy	REVI,AMCR,SCTA,AMRE,KEWA
/home/fumchin/data/bsed_20/dataset/ENA/train_unlabeled_preprocess/wav/Recording_1_Segment_35_13.npy	EATO,BTNW
/home/fumchin/data/bsed_20/dataset/ENA/train_unlabeled_preprocess/wav/Recording_4_Segment_17_16.npy	EATO
/home/fumchin/data/bsed_20/dataset/ENA/train_unlabeled_preprocess/wav/Recording_1_Segment_11_25.npy	EATO,WOTH,TUTI,BAWW
/home/fumchin/data/bsed_20/dataset/ENA/train_unlabeled_preprocess/wav/Recording_2_Segment_08_17.npy	BCCH,BTNW,REVI,AMCR,OVEN,AMRE,KEWA
/home/fumchin/data/bsed_20/dataset/ENA/train_unlabeled_preprocess/wav/Recording_4_Segment_10_6.npy	EATO,NOCA
/home/fumchin/data/bsed_20/dataset/ENA/train_unlabeled_preprocess/wav/Recording_4_Segment_23_26.npy	EATO,NOCA,BGGN
/home/fumchin/data/bsed_20/dataset/ENA/train_unlabeled_preprocess/wav/Recording_1_Segment_13_6.npy	EATO,BTNW,OVEN
/home/fumchin/data/bsed_20/dataset/ENA/train_unlabeled_preprocess/wav/Recording_1_Segment_07_16.npy	EATO,WOTH,TUTI,OVEN
/home/fumchin/data/bsed_20/dataset/ENA/train_unlabeled_preprocess/wav/Recording_1_Segment_20_8.npy	EATO,BTNW,OVEN
/home/fumchin/data/bsed_20/dataset/ENA/train_unlabeled_preprocess/wav/Recording_2_Segment_02_20.npy	WOTH,OVEN
/home/fumchin/data/bsed_20/dataset/ENA/train_unlabeled_preprocess/wav/Recording_4_Segment_10_17.npy	EATO,BLJA
/home/fumchin/data/bsed_20/dataset/ENA/train_unlabeled_preprocess/wav/Recording_1_Segment_21_15.npy	EATO,BCCH,BTNW,OVEN
/home/fumchin/data/bsed_20/dataset/ENA/train_unlabeled_preprocess/wav/Recording_1_Segment_13_10.npy	EATO,BTNW,OVEN
/home/fumchin/data/bsed_20/dataset/ENA/train_unlabeled_preprocess/wav/Recording_1_Segment_10_23.npy	EATO,WOTH,TUTI,OVEN
/home/fumchin/data/bsed_20/dataset/ENA/train_unlabeled_preprocess/wav/Recording_4_Segment_17_19.npy	EATO,BCCH,BLJA
/home/fumchin/data/bsed_20/dataset/ENA/train_unlabeled_preprocess/wav/Recording_2_Segment_05_20.npy	EATO,WOTH,BCCH,BTNW,NOCA,AMRE,KEWA
/home/fumchin/data/bsed_20/dataset/ENA/train_unlabeled_preprocess/wav/Recording_1_Segment_14_0.npy	EATO,WOTH,BTNW,TUTI
/home/fumchin/data/bsed_20/dataset/ENA/train_unlabeled_preprocess/wav/Recording_2_Segment_07_19.npy	WOTH,BCCH,REVI,AMCR,SCTA,AMRE,KEWA
/home/fumchin/data/bsed_20/dataset/ENA/train_unlabeled_preprocess/wav/Recording_1_Segment_08_6.npy	EATO,WOTH
/home/fumchin/data/bsed_20/dataset/ENA/train_unlabeled_preprocess/wav/Recording_4_Segment_03_2.npy	EATO,BLJA
/home/fumchin/data/bsed_20/dataset/ENA/train_unlabeled_preprocess/wav/Recording_1_Segment_19_12.npy	EATO,WOTH,BCCH,BTNW,TUTI
/home/fumchin/data/bsed_20/dataset/ENA/train_unlabeled_preprocess/wav/Recording_1_Segment_27_7.npy	BTNW,AMCR,OVEN
/home/fumchin/data/bsed_20/dataset/ENA/train_unlabeled_preprocess/wav/Recording_1_Segment_09_9.npy	EATO,WOTH,OVEN
/home/fumchin/data/bsed_20/dataset/ENA/train_unlabeled_preprocess/wav/Recording_4_Segment_24_15.npy	EATO,NOCA
/home/fumchin/data/bsed_20/dataset/ENA/train_unlabeled_preprocess/wav/Recording_4_Segment_13_20.npy	EATO,AMCR,OVEN,COYE
/home/fumchin/data/bsed_20/dataset/ENA/train_unlabeled_preprocess/wav/Recording_4_Segment_14_9.npy	EATO,TUTI
/home/fumchin/data/bsed_20/dataset/ENA/train_unlabeled_preprocess/wav/Recording_1_Segment_11_12.npy	EATO,WOTH,BTNW,TUTI
/home/fumchin/data/bsed_20/dataset/ENA/train_unlabeled_preprocess/wav/Recording_1_Segment_18_18.npy	BTNW
/home/fumchin/data/bsed_20/dataset/ENA/train_unlabeled_preprocess/wav/Recording_2_Segment_02_13.npy	WOTH,SCTA
/home/fumchin/data/bsed_20/dataset/ENA/train_unlabeled_preprocess/wav/Recording_2_Segment_08_7.npy	REVI,AMCR,SCTA,AMRE,KEWA
/home/fumchin/data/bsed_20/dataset/ENA/train_unlabeled_preprocess/wav/Recording_1_Segment_29_7.npy	EATO,BTNW,AMCR
/home/fumchin/data/bsed_20/dataset/ENA/train_unlabeled_preprocess/wav/Recording_1_Segment_31_8.npy	EATO,BTNW,OVEN
/home/fumchin/data/bsed_20/dataset/ENA/train_unlabeled_preprocess/wav/Recording_4_Segment_05_15.npy	EATO,NOCA
